{
  "type": "minecraft:crafting_shapeless",
  "ingredients": [
    {
      "item": "drawer:screw"
    },
    {
      "item": "minecraft:oak_log"
    },
    {
      "item": "drawer:screw"
    },
    {
      "item": "drawer:screw"
    },
    {
      "item": "minecraft:oak_planks"
    },
    {
      "item": "drawer:screw"
    },
    {
      "item": "drawer:screw"
    },
    {
      "item": "drawer:screw"
    },
    {
      "item": "drawer:screw"
    }
  ],
  "result": {
    "item": "drawer:oak_drawer",
    "count": 1
  }
}