{
  "_fv": 57,
  "_type": "recipe",
  "definition": {
    "recipeType": "Crafting",
    "recipeRetstackSize": 1,
    "group": "",
    "cookingBookCategory": "MISC",
    "xpReward": 0.0,
    "cookingTime": 200,
    "craftingBookCategory": "MISC",
    "recipeShapeless": true,
    "recipeSlots": [
      {
        "value": "CUSTOM:Screw"
      },
      {
        "value": "Blocks.MANGROVE_LOG"
      },
      {
        "value": "CUSTOM:Screw"
      },
      {
        "value": "CUSTOM:Screw"
      },
      {
        "value": "Blocks.MANGROVE_PLANKS"
      },
      {
        "value": "CUSTOM:Screw"
      },
      {
        "value": "CUSTOM:Screw"
      },
      {
        "value": "CUSTOM:Screw"
      },
      {
        "value": "CUSTOM:Screw"
      }
    ],
    "recipeReturnStack": {
      "value": "CUSTOM:MangroveDrawer"
    },
    "name": "mangrove_drawer_recipe_1",
    "namespace": "mod"
  }
}