{
  "_fv": 57,
  "_type": "recipe",
  "definition": {
    "recipeType": "Crafting",
    "recipeRetstackSize": 1,
    "group": "",
    "cookingBookCategory": "MISC",
    "xpReward": 0.0,
    "cookingTime": 200,
    "craftingBookCategory": "MISC",
    "recipeShapeless": true,
    "recipeSlots": [
      {
        "value": "CUSTOM:Screw"
      },
      {
        "value": "Blocks.STRIPPED_CRIMSON_STEM"
      },
      {
        "value": "CUSTOM:Screw"
      },
      {
        "value": "CUSTOM:Screw"
      },
      {
        "value": "Blocks.CRIMSON_PLANKS"
      },
      {
        "value": "CUSTOM:Screw"
      },
      {
        "value": "CUSTOM:Screw"
      },
      {
        "value": "CUSTOM:Screw"
      },
      {
        "value": "CUSTOM:Screw"
      }
    ],
    "recipeReturnStack": {
      "value": "CUSTOM:StrippedCrimsonDrawer"
    },
    "name": "stripped_crimson_drawer_recipe",
    "namespace": "mod"
  }
}