{
  "_fv": 34,
  "_type": "recipe",
  "definition": {
    "recipeType": "Crafting",
    "xpReward": 0.0,
    "cookingTime": 200,
    "recipeRetstackSize": 1,
    "group": "",
    "recipeShapeless": true,
    "recipeSlots": [
      {
        "value": "CUSTOM:Screw"
      },
      {
        "value": "Blocks.LOG#3"
      },
      {
        "value": "CUSTOM:Screw"
      },
      {
        "value": "CUSTOM:Screw"
      },
      {
        "value": "Blocks.PLANKS#3"
      },
      {
        "value": "CUSTOM:Screw"
      },
      {
        "value": "CUSTOM:Screw"
      },
      {
        "value": "CUSTOM:Screw"
      },
      {
        "value": "CUSTOM:Screw"
      }
    ],
    "recipeReturnStack": {
      "value": "CUSTOM:JungleDrawer"
    },
    "name": "jungle_drawer_recipe",
    "namespace": "mod"
  }
}