{
  "parent": "block/cube",
  "textures": {
    "down": "drawer:blocks/drawer_bottom_stripped_mangrove",
    "up": "drawer:blocks/drawer_top_stripped_mangrove",
    "north": "drawer:blocks/drawer_front_stripped_mangrove_close",
    "east": "drawer:blocks/drawer_side_stripped_mangrove",
    "south": "drawer:blocks/drawer_back_stripped_mangrove",
    "west": "drawer:blocks/drawer_side_stripped_mangrove",
    "particle": "drawer:blocks/drawer_bottom_stripped_mangrove"
  },
  "render_type": "solid"
}