{
  "type": "minecraft:crafting_shapeless",
  "category": "misc",
  "ingredients": [
    {
      "item": "drawer:screw"
    },
    {
      "item": "minecraft:stripped_acacia_log"
    },
    {
      "item": "drawer:screw"
    },
    {
      "item": "drawer:screw"
    },
    {
      "item": "minecraft:acacia_planks"
    },
    {
      "item": "drawer:screw"
    },
    {
      "item": "drawer:screw"
    },
    {
      "item": "drawer:screw"
    },
    {
      "item": "drawer:screw"
    }
  ],
  "result": {
    "item": "drawer:stripped_acacia_drawer",
    "count": 1
  }
}